-- ============================================================
-- WRQTestMall 靶场数据库初始化脚本
-- 目标: wrqtestmall @ 127.0.0.1:3306 (root / 123456)
-- 执行: mysql -u root -p123456 < wrqtestmall.sql
-- ============================================================

SET NAMES utf8mb4;
SET FOREIGN_KEY_CHECKS = 0;
SET SQL_MODE = 'NO_AUTO_VALUE_ON_ZERO';

CREATE DATABASE IF NOT EXISTS `wrqtestmall` DEFAULT CHARACTER SET utf8mb4 COLLATE utf8mb4_general_ci;
USE `wrqtestmall`;

-- ============================================================
-- 1. 管理员表
-- ============================================================
DROP TABLE IF EXISTS `admin`;
CREATE TABLE `admin` (
  `id`         INT(11)      NOT NULL AUTO_INCREMENT,
  `username`   VARCHAR(50)  NOT NULL COMMENT '登录账号',
  `nickname`   VARCHAR(200) DEFAULT NULL COMMENT '昵称（XSS载体，故意200长度）',
  `password`   VARCHAR(64)  NOT NULL COMMENT 'MD5哈希',
  `avatar_src` VARCHAR(255) DEFAULT NULL COMMENT '头像路径',
  `role`       VARCHAR(20)  DEFAULT 'admin',
  PRIMARY KEY (`id`),
  UNIQUE KEY `uk_admin_username` (`username`)
) ENGINE=InnoDB DEFAULT CHARSET=utf8mb4 COMMENT='管理员表';

-- admin / admin123  →  MD5('admin123') = 0192023a7bbd73250516f069df18b500
-- manager / manager888 → MD5('manager888') = a]通过PHP: md5('manager888')
INSERT INTO `admin` (`id`,`username`,`nickname`,`password`,`avatar_src`,`role`) VALUES
(1, 'admin',   '系统管理员',   '0192023a7bbd73250516f069df18b500', NULL, 'admin'),
(2, 'manager', '运营经理小刘', '6c44e5cd17f0019c5e53e236e02670c1', NULL, 'admin');
-- manager密码: manager888 → 可用于第二管理员测试

-- ============================================================
-- 2. 用户表 (20条)
-- ============================================================
DROP TABLE IF EXISTS `user`;
CREATE TABLE `user` (
  `id`                INT(11)      NOT NULL AUTO_INCREMENT,
  `username`          VARCHAR(50)  NOT NULL COMMENT '登录用户名',
  `nickname`          VARCHAR(50)  DEFAULT NULL COMMENT '昵称',
  `password`          VARCHAR(64)  NOT NULL COMMENT 'MD5哈希',
  `realname`          VARCHAR(50)  DEFAULT NULL COMMENT '真实姓名',
  `gender`            TINYINT(4)   DEFAULT 0 COMMENT '0未知 1男 2女',
  `birthday`          DATE         DEFAULT NULL,
  `address`           VARCHAR(200) DEFAULT NULL COMMENT '收货地址',
  `phone`             VARCHAR(20)  DEFAULT NULL,
  `email`             VARCHAR(100) DEFAULT NULL,
  `avatar_src`        VARCHAR(255) DEFAULT NULL,
  `security_question` VARCHAR(200) DEFAULT NULL COMMENT '密保问题',
  `security_answer`   VARCHAR(200) DEFAULT NULL COMMENT '密保答案',
  `status`            TINYINT(4)   DEFAULT 0 COMMENT '0正常 1禁用',
  `create_time`       DATETIME     DEFAULT CURRENT_TIMESTAMP,
  PRIMARY KEY (`id`),
  UNIQUE KEY `uk_user_username` (`username`)
) ENGINE=InnoDB DEFAULT CHARSET=utf8mb4 COMMENT='前台用户表';

-- 所有用户密码 123456 → MD5 = e10adc3949ba59abbe56e057f20f883e
INSERT INTO `user` (`id`,`username`,`nickname`,`password`,`realname`,`gender`,`birthday`,`address`,`phone`,`email`,`security_question`,`security_answer`,`status`,`create_time`) VALUES
( 1, 'zhangwei',    '张伟同学',   'e10adc3949ba59abbe56e057f20f883e', '张伟',   1, '1995-03-15', '北京市朝阳区建国路88号院12栋3单元501',           '13801001001', 'zhangwei@163.com',      '你的出生城市？',     '北京',       0, '2025-12-01 09:30:00'),
( 2, 'lina',        '李娜很忙',   'e10adc3949ba59abbe56e057f20f883e', '李娜',   2, '1998-07-22', '上海市浦东新区陆家嘴环路1000号',                 '13902002002', 'lina1998@qq.com',       '你的宠物名字？',     '旺财',       0, '2025-12-05 14:20:00'),
( 3, 'wangfang',    '王芳爱购物', 'e10adc3949ba59abbe56e057f20f883e', '王芳',   2, '1992-11-30', '广州市天河区体育西路天河城广场负一层',            '13603003003', 'wangfang92@gmail.com',  '你的母校？',         '中山大学',   0, '2025-12-08 10:00:00'),
( 4, 'liuyang',     '刘洋科技宅', 'e10adc3949ba59abbe56e057f20f883e', '刘洋',   1, '2000-01-08', '深圳市南山区科技园南路深圳湾科技生态园9栋',       '13704004004', 'liuyang2k@outlook.com', '你最喜欢的电影？',   '盗梦空间',   0, '2025-12-10 16:45:00'),
( 5, 'chenmin',     '陈敏姐姐',   'e10adc3949ba59abbe56e057f20f883e', '陈敏',   2, '1997-05-20', '杭州市西湖区文三路478号华星时代广场',             '13505005005', 'chenmin_hz@126.com',    '你的幸运数字？',     '7',          0, '2025-12-12 08:30:00'),
( 6, 'zhaolei',     '赵磊跑步达人','e10adc3949ba59abbe56e057f20f883e','赵磊',   1, '1993-09-14', '成都市武侯区天府大道北段1700号新世纪环球中心',    '13606006006', 'zhaolei93@sina.com',    '你养的第一只宠物？', '小花',       0, '2025-12-15 11:20:00'),
( 7, 'sunli',       '孙丽吃货团', 'e10adc3949ba59abbe56e057f20f883e', '孙丽',   2, '1996-02-28', '武汉市洪山区光谷大道77号光谷金融港B16栋',         '13707007007', 'sunli_wh@foxmail.com',  '你出生的医院？',     '协和医院',   0, '2026-01-02 09:10:00'),
( 8, 'zhoujie',     '周杰伦粉丝', 'e10adc3949ba59abbe56e057f20f883e', '周杰',   1, '1994-12-05', '南京市鼓楼区中山北路30号城市名人酒店旁',          '13808008008', 'zhoujie94@yeah.net',    '你喜欢的歌手？',     '周杰伦',     0, '2026-01-05 13:50:00'),
( 9, 'wuqiang',     '吴强健身ing','e10adc3949ba59abbe56e057f20f883e', '吴强',   1, '1991-08-18', '重庆市渝北区金开大道西段106号互联网产业园',        '13909009009', 'wuqiang@aliyun.com',    '你的小学名字？',     '建设小学',   0, '2026-01-10 07:40:00'),
(10, 'zhengxue',    '郑雪读书控', 'e10adc3949ba59abbe56e057f20f883e', '郑雪',   2, '1999-04-10', '西安市雁塔区高新路88号天谷八路环普科技产业园',    '13010010010', 'zhengxue99@hotmail.com','你的初恋名字？',     '不告诉你',   0, '2026-01-15 15:25:00'),
(11, 'huanghai',    '黄海老师',   'e10adc3949ba59abbe56e057f20f883e', '黄海',   1, '1988-06-25', '天津市南开区卫津路94号南开大学',                  '13111011011', 'huanghai@edu.cn',       '你的职业？',         '教师',       0, '2026-02-01 10:00:00'),
(12, 'xuemei',      '薛梅旅行家', 'e10adc3949ba59abbe56e057f20f883e', '薛梅',   2, '1995-10-30', '苏州市工业园区星湖街328号创意产业园',             '13212012012', 'xuemei_sz@icloud.com',  '你最想去的国家？',   '日本',       0, '2026-02-10 18:30:00'),
(13, 'malong',      '马龙乒乓球', 'e10adc3949ba59abbe56e057f20f883e', '马龙',   1, '1990-03-22', '沈阳市和平区三好街100号东软集团',                 '13313013013', 'malong_sy@163.com',     '你最擅长的运动？',   '乒乓球',     0, '2026-02-15 09:00:00'),
(14, 'hejing',      '何静摄影师', 'e10adc3949ba59abbe56e057f20f883e', '何静',   2, '1997-07-07', '厦门市思明区环岛东路1699号观音山商务区',           '13414014014', 'hejing_xm@gmail.com',   '你用什么相机？',     '索尼A7M4',   0, '2026-02-20 14:00:00'),
(15, 'guofeng',     '郭峰程序员', 'e10adc3949ba59abbe56e057f20f883e', '郭峰',   1, '1993-11-11', '济南市历下区经十路12111号中润世纪广场',            '13515015015', 'guofeng_jn@outlook.com','你用什么编程语言？', 'Python',     0, '2026-03-01 08:30:00'),
(16, 'tangyan',     '唐颜美妆达人','e10adc3949ba59abbe56e057f20f883e','唐颜',   2, '1996-01-19', '长沙市岳麓区梅溪湖路206号步步高梅溪新天地',       '13616016016', 'tangyan_cs@qq.com',     '你喜欢的品牌？',     '兰蔻',       0, '2026-03-05 12:00:00'),
(17, 'songbo',      '宋博数码控', 'e10adc3949ba59abbe56e057f20f883e', '宋博',   1, '1994-08-08', '合肥市蜀山区黄山路468号科大讯飞总部',             '13717017017', 'songbo@ustc.edu.cn',    '你的毕业院校？',     '中科大',     0, '2026-03-10 16:30:00'),
(18, 'yanli',       '严丽烘焙师', 'e10adc3949ba59abbe56e057f20f883e', '严丽',   2, '1992-05-05', '昆明市盘龙区北京路928号同德广场',                 '13818018018', 'yanli_km@126.com',      '你的特长？',         '做蛋糕',     0, '2026-03-15 10:20:00'),
(19, 'fengchao',    '冯超极客',   'e10adc3949ba59abbe56e057f20f883e', '冯超',   1, '1998-12-25', '郑州市金水区农业路16号省汇中心',                  '13919019019', 'fengchao@proton.me',    '你用什么系统？',     'Arch Linux', 0, '2026-04-01 09:00:00'),
(20, 'caiyun',      '蔡云花艺师', 'e10adc3949ba59abbe56e057f20f883e', '蔡云',   2, '1995-09-09', '福州市鼓楼区五四路128号恒力城写字楼',             '13020020020', 'caiyun_fz@foxmail.com', '你喜欢的花？',       '向日葵',     0, '2026-04-10 14:40:00');

-- ============================================================
-- 3. 商品分类表
-- ============================================================
DROP TABLE IF EXISTS `category`;
CREATE TABLE `category` (
  `id`        INT(11)      NOT NULL AUTO_INCREMENT,
  `name`      VARCHAR(50)  NOT NULL COMMENT '分类名称',
  `image_src` VARCHAR(255) DEFAULT NULL,
  PRIMARY KEY (`id`)
) ENGINE=InnoDB DEFAULT CHARSET=utf8mb4 COMMENT='商品分类';

INSERT INTO `category` VALUES
(1, '手机数码',   NULL),
(2, '电脑办公',   NULL),
(3, '家用电器',   NULL),
(4, '服饰鞋包',   NULL),
(5, '食品生鲜',   NULL);

-- ============================================================
-- 4. 商品表 (15条)
-- ============================================================
DROP TABLE IF EXISTS `product`;
CREATE TABLE `product` (
  `id`          INT(11)       NOT NULL AUTO_INCREMENT,
  `name`        VARCHAR(100)  NOT NULL COMMENT '商品名称',
  `title`       VARCHAR(200)  DEFAULT NULL COMMENT '副标题',
  `price`       DECIMAL(10,2) NOT NULL COMMENT '原价',
  `sale_price`  DECIMAL(10,2) NOT NULL COMMENT '售价',
  `category_id` INT(11)       DEFAULT NULL,
  `is_enabled`  TINYINT(4)    DEFAULT 0 COMMENT '0上架 1下架',
  `stock`       INT(11)       DEFAULT 999,
  `description` TEXT          COMMENT '商品描述',
  `create_time` DATETIME      DEFAULT CURRENT_TIMESTAMP,
  PRIMARY KEY (`id`),
  KEY `idx_product_category` (`category_id`)
) ENGINE=InnoDB DEFAULT CHARSET=utf8mb4 COMMENT='商品表';

INSERT INTO `product` (`id`,`name`,`title`,`price`,`sale_price`,`category_id`,`is_enabled`,`stock`,`description`,`create_time`) VALUES
( 1, '锤子手机 Smartisan T3',   '次世代旗舰，重新定义手机',       3499.00, 2999.00, 1, 0,  500, '锤子科技年度旗舰手机，搭载骁龙8 Gen2处理器，6.67英寸AMOLED曲面屏，1亿像素主摄+5000万超广角+1200万长焦三摄系统，5000mAh电池，67W快充。', '2026-01-10 10:00:00'),
( 2, '坚果 Pro 4',              '漂亮得不像实力派',               2799.00, 2499.00, 1, 0,  800, '全新坚果Pro系列，轻薄设计仅7.5mm，4800万三摄系统搭配OIS光学防抖，5000mAh大电池搭配33W快充，Smartisan OS流畅体验。',               '2026-01-15 14:00:00'),
( 3, 'Smartisan 真无线耳机',     '听觉革命，静享音乐',            599.00,  499.00,  1, 0, 1200, '40dB主动降噪，Hi-Res Audio认证音质，LDAC高清编码，40小时超长续航，IPX5防水等级，触控操作，蓝牙5.3连接。',                        '2026-01-20 09:00:00'),
( 4, 'TNT 4K显示器 27英寸',     '大屏生产力工具',                 4999.00, 4599.00, 2, 0,  200, '27英寸4K IPS屏幕，100% sRGB色域，Type-C 90W一线连接，内置TNT桌面操作系统，支持触摸操作，三边窄边框设计，人体工学可调支架。',       '2026-02-01 10:30:00'),
( 5, 'Smartisan 笔记本 Air 14', '轻薄本新标杆',                   5999.00, 5499.00, 2, 0,  300, '14英寸2.8K OLED屏幕，Intel Core i7-13700H处理器，16GB LPDDR5内存+512GB SSD，重仅1.2kg，续航12小时，全功能Type-C×2。',             '2026-02-05 11:00:00'),
( 6, '机械键盘 Cherry红轴',     '打字如行云流水',                  699.00,  599.00, 2, 0,  600, 'Cherry MX红轴，PBT二色键帽，全键无冲，USB Type-C接口，磁吸上盖设计，白色RGB背光，兼容Mac/Windows双系统。',                      '2026-02-10 13:00:00'),
( 7, '智能空气净化器 Pro',       '每一口都是新鲜空气',             1999.00, 1799.00, 3, 0,  400, 'CADR 800m³/h，H13 HEPA滤网+活性炭复合滤芯，激光颗粒物传感器实时监测，APP远程控制，静音模式仅28dB。',                            '2026-02-15 09:00:00'),
( 8, '扫地机器人 X1 全能版',     '解放双手，智慧清洁',             2999.00, 2699.00, 3, 0,  350, 'LDS激光导航，自动集尘+自动洗拖布，3000Pa大吸力，拖扫一体，智能避障，APP划区清扫，续航180分钟。',                                '2026-02-20 14:30:00'),
( 9, 'IH智能电饭煲 4L',         '好饭自己会说话',                  599.00,  499.00, 3, 0,  700, 'IH电磁加热360°环绕加热，日本进口内胆，24小时预约，OLED显示屏，多种烹饪模式（煮饭/煲汤/蒸煮/婴儿粥），一键操作。',               '2026-03-01 10:00:00'),
(10, '300支长绒棉四件套',        '酒店级睡眠体验',                  699.00,  599.00, 4, 0, 1000, '100%新疆长绒棉，300支高密度织法，双面磨毛工艺，1.5/1.8米床通用，包含：被套×1+床单×1+枕套×2，四色可选。',                        '2026-03-05 08:00:00'),
(11, '头层牛皮休闲双肩包',       '通勤旅行好伴侣',                  599.00,  499.00, 4, 0,  500, '头层牛皮材质，YKK金属拉链，15.6英寸笔记本夹层，隐藏式防盗口袋，人体工学减负肩带，容量25L，黑色/棕色可选。',                    '2026-03-10 11:00:00'),
(12, '碳板竞速跑鞋',             '为跑者而生，突破PB',               899.00,  699.00, 4, 0,  600, '全掌碳板+ZoomX泡棉中底，编织鞋面轻量透气，4mm前后掌落差，橡胶华夫外底抓地力强，适合全马/半马竞速。',                            '2026-03-15 09:30:00'),
(13, '有机五谷杂粮礼盒 5kg',     '来自大地的馈赠',                  299.00,  259.00, 5, 0,  500, '山东有机认证基地直供，含：有机黑米/红豆/绿豆/燕麦/小米各1kg，真空独立包装，保质期12个月。',                                    '2026-04-01 10:00:00'),
(14, '澳洲安格斯M5级牛排',       '在家享受五星级西餐',               499.00,  399.00, 5, 0,  300, '澳大利亚进口安格斯谷饲250天M5级别，眼肉/西冷各3片共6片装（约1.2kg），原切非合成，冷链顺丰空运。',                              '2026-04-05 14:00:00'),
(15, '精品时令水果礼篮',          '甄选新鲜，果然出色',              199.00,  169.00, 5, 0,  400, '8种当季时令水果（红心火龙果/智利车厘子/泰国山竹/赣南脐橙等），总重约5kg，精美礼盒包装，顺丰冷链配送。',                         '2026-04-10 09:00:00');

-- ============================================================
-- 5. 商品图片表
-- ============================================================
DROP TABLE IF EXISTS `product_image`;
CREATE TABLE `product_image` (
  `id`         INT(11)      NOT NULL AUTO_INCREMENT,
  `type`       TINYINT(4)   NOT NULL DEFAULT 0 COMMENT '0展示图 1详情图',
  `src`        VARCHAR(255) NOT NULL,
  `product_id` INT(11)      NOT NULL,
  PRIMARY KEY (`id`),
  KEY `idx_pi_product` (`product_id`)
) ENGINE=InnoDB DEFAULT CHARSET=utf8mb4 COMMENT='商品图片';

-- ============================================================
-- 6. 商品属性名表
-- ============================================================
DROP TABLE IF EXISTS `property`;
CREATE TABLE `property` (
  `id`          INT(11)     NOT NULL AUTO_INCREMENT,
  `name`        VARCHAR(50) NOT NULL COMMENT '属性名',
  `category_id` INT(11)     DEFAULT NULL,
  PRIMARY KEY (`id`)
) ENGINE=InnoDB DEFAULT CHARSET=utf8mb4 COMMENT='商品属性名';

INSERT INTO `property` VALUES
(1,'品牌',1),(2,'屏幕尺寸',1),(3,'处理器',1),(4,'运行内存',1),(5,'存储容量',1),(6,'电池容量',1),
(7,'品牌',2),(8,'屏幕尺寸',2),(9,'处理器',2),(10,'内存',2),(11,'接口类型',2),
(12,'品牌',3),(13,'额定功率',3),(14,'能效等级',3),(15,'产品尺寸',3),
(16,'材质',4),(17,'适用季节',4),(18,'颜色',4),(19,'尺码范围',4),
(20,'产地',5),(21,'保质期',5),(22,'净含量',5),(23,'储存条件',5);

-- ============================================================
-- 7. 商品属性值表
-- ============================================================
DROP TABLE IF EXISTS `property_value`;
CREATE TABLE `property_value` (
  `id`          INT(11)      NOT NULL AUTO_INCREMENT,
  `value`       VARCHAR(100) DEFAULT NULL,
  `property_id` INT(11)      DEFAULT NULL,
  `product_id`  INT(11)      DEFAULT NULL,
  PRIMARY KEY (`id`)
) ENGINE=InnoDB DEFAULT CHARSET=utf8mb4 COMMENT='商品属性值';

INSERT INTO `property_value` (`value`,`property_id`,`product_id`) VALUES
('Smartisan',1,1),('6.67英寸',2,1),('骁龙8 Gen2',3,1),('12GB',4,1),('256GB',5,1),('5000mAh',6,1),
('Smartisan',1,2),('6.5英寸',2,2),('骁龙778G+',3,2),('8GB',4,2),('128GB',5,2),('5000mAh',6,2),
('Smartisan',1,3),('-',2,3),('蓝牙5.3 SoC',3,3),('-',4,3),('-',5,3),('40小时(含仓)',6,3),
('TNT',7,4),('27英寸',8,4),('内置TNT桌面OS',9,4),('-',10,4),('Type-C×2, HDMI',11,4),
('Smartisan',7,5),('14英寸',8,5),('i7-13700H',9,5),('16GB LPDDR5',10,5),('Type-C×2, USB-A',11,5),
('Cherry',7,6),('-',8,6),('-',9,6),('-',10,6),('USB Type-C',11,6),
('Smartisan Home',12,7),('80W',13,7),('一级',14,7),('350×350×800mm',15,7),
('Smartisan Home',12,8),('65W',13,8),('一级',14,8),('353×353×96.5mm',15,8),
('Smartisan Home',12,9),('1200W',13,9),('二级',14,9),('275×260×215mm',15,9),
('100%长绒棉',16,10),('四季通用',17,10),('米白/浅灰/藕粉/雾蓝',18,10),('1.5m/1.8m床通用',19,10),
('头层牛皮',16,11),('四季',17,11),('黑色/复古棕',18,11),('均码',19,11),
('编织网面+橡胶',16,12),('春秋',17,12),('黑/白/荧光绿',18,12),('39-44码',19,12),
('山东',20,13),('12个月',21,13),('5kg(5×1kg)',22,13),('阴凉干燥处',23,13),
('澳大利亚',20,14),('冷冻18个月',21,14),('1.2kg/6片',22,14),('≤-18℃冷冻',23,14),
('多产地',20,15),('3~7天',21,15),('约5kg',22,15),('0~5℃冷藏',23,15);

-- ============================================================
-- 8. 商品详情扩展表 (SQL注入"展开更多信息"的数据源)
-- ============================================================
DROP TABLE IF EXISTS `product_detail_ext`;
CREATE TABLE `product_detail_ext` (
  `id`            INT(11)      NOT NULL AUTO_INCREMENT,
  `product_id`    INT(11)      NOT NULL COMMENT '关联商品ID',
  `spec_params`   TEXT         COMMENT '详细规格参数(JSON或纯文本)',
  `long_desc`     TEXT         COMMENT '展开后的长文本描述',
  `origin`        VARCHAR(100) DEFAULT NULL COMMENT '产地',
  `warranty`      VARCHAR(100) DEFAULT NULL COMMENT '质保信息',
  `package_list`  VARCHAR(255) DEFAULT NULL COMMENT '包装清单',
  `after_service` VARCHAR(255) DEFAULT NULL COMMENT '售后服务',
  `create_time`   DATETIME     DEFAULT CURRENT_TIMESTAMP,
  PRIMARY KEY (`id`),
  KEY `idx_pde_product` (`product_id`)
) ENGINE=InnoDB DEFAULT CHARSET=utf8mb4 COMMENT='商品详情扩展（展开更多信息）';

INSERT INTO `product_detail_ext` (`product_id`,`spec_params`,`long_desc`,`origin`,`warranty`,`package_list`,`after_service`) VALUES
(1,  '{"SoC":"骁龙8 Gen2","GPU":"Adreno 740","屏幕":"6.67寸AMOLED 120Hz","摄像头":"108MP+50MP+12MP","NFC":"支持","红外":"支持","防水":"IP68"}',
     '锤子手机T3延续了Smartisan一贯的工匠精神设计理念。全新升级的Smartisan OS 10操作系统，带来前所未有的大屏交互体验。一步(One Step)和大爆炸(Big Bang)功能再次革新，支持跨应用拖拽和AI智能识别。1亿像素主摄搭配索尼IMX890传感器，1/1.56英寸大底，f/1.75大光圈，暗光环境依然清晰。整机通过瑞士SGS五星综合流畅性认证。',
     '中国深圳', '整机保修1年，电池保修6个月', '手机×1、充电器×1、数据线×1、取卡针×1、说明书×1、保修卡×1', '7天无理由退换，180天以换代修'),

(2,  '{"SoC":"骁龙778G+","GPU":"Adreno 642L","屏幕":"6.5寸OLED 90Hz","摄像头":"48MP+8MP+2MP","NFC":"支持","防水":"IP53"}',
     '坚果Pro 4是面向年轻人的旗舰之选。7.5mm极致纤薄机身，重量仅168g，握感如艺术品。后置三摄系统搭配OIS光学防抖，无论是城市街拍还是夜景模式都能出色发挥。Smartisan OS 10带来全新的Markdown笔记和效率三件套，专为效率人群打造。',
     '中国东莞', '整机保修1年', '手机×1、充电器×1、Type-C线×1、取卡针×1、快速指南×1', '7天无理由退换'),

(3,  '{"驱动单元":"11mm动圈","频率范围":"20Hz-40kHz","降噪深度":"40dB","蓝牙":"5.3","编码":"LDAC/AAC/SBC","防水":"IPX5","重量":"单耳5.2g"}',
     '沉浸式降噪体验，搭载自研降噪芯片N1，支持40dB深度主动降噪与通透模式自由切换。11mm定制大动圈搭配LDAC高清蓝牙编码，还原每一个音乐细节。人体工学入耳设计，长时间佩戴无压感。充电仓支持Qi无线充电，充电10分钟听歌2小时。',
     '中国深圳', '整机保修1年', '耳机×2、充电仓×1、Type-C线×1、耳帽(S/M/L)×3对、说明书×1', '15天无理由退换'),

(4,  '{"面板":"IPS","分辨率":"3840×2160","色域":"100% sRGB / 95% DCI-P3","亮度":"400nit","接口":"Type-C(90W PD)+HDMI 2.1+DP 1.4","响应":"5ms"}',
     'TNT 4K显示器不仅是一台显示器，更是一台独立的生产力工具。内置TNT桌面操作系统，接入手机即可变身电脑。Type-C一线连接，90W反向供电，同时传输视频信号和数据。10点触摸屏支持手势操作，配合Smartisan OS的效率套件，办公效率倍增。',
     '中国厦门', '面板保修3年', '显示器×1、支架×1、Type-C线×1、电源适配器×1、HDMI线×1', '3年免费上门服务'),

(5,  '{"CPU":"i7-13700H(14核20线程)","GPU":"Intel Iris Xe","RAM":"16GB LPDDR5","SSD":"512GB PCIe 4.0","屏幕":"14寸2.8K OLED 90Hz","电池":"72Wh","重量":"1.2kg"}',
     '极致轻薄的全能笔记本。2.8K OLED屏幕120Hz高刷，色准ΔE<1，100% DCI-P3广色域，通过DisplayHDR True Black 500认证。满血i7-13700H处理器释放45W性能，无论是代码编写、PPT制作还是轻度图形处理都游刃有余。整机仅1.2kg，厚度14.9mm。',
     '中国重庆', '整机保修2年', '笔记本×1、电源适配器×1、Type-C线×1、说明书×1、保修卡×1', '2年免费上门维修'),

(6,  '{"轴体":"Cherry MX红轴","键帽":"PBT双色注塑","布局":"104键全尺寸","接口":"USB Type-C可拆卸","背光":"白色RGB","防鬼键":"全键无冲NKRO","重量":"980g"}',
     '为追求极致手感的用户打造。Cherry MX红轴触发压力45cN，直上直下的线性手感，无段落感无声音干扰，适合长时间文字输入和竞技游戏。PBT双色键帽经久耐用不打油，Type-C可拆卸数据线方便携带。磁吸上盖设计便于清洁维护。',
     '中国东莞', '整机保修2年，轴体保修5年', '键盘×1、Type-C线×1、拔键器×1、替换键帽×4、说明书×1', '2年质保，轴体5年'),

(7,  '{"CADR":"800m³/h","滤网":"H13 HEPA+活性炭复合","适用面积":"56~96m²","噪音":"28~65dB","功率":"80W","传感器":"激光PM2.5+VOC","连接":"WiFi+蓝牙"}',
     '专为大面积空间设计的旗舰级空气净化器。800m³/h超大CADR值，可在10分钟内将30m²房间空气净化一遍。H13级HEPA滤网有效过滤99.97%的PM2.5、花粉、尘螨。搭载甲醛分解催化技术，不仅吸附更能主动分解甲醛。APP实时查看室内空气质量。',
     '中国佛山', '整机保修2年，滤网6个月', '净化器×1、复合滤网×1、电源线×1、遥控器×1、说明书×1', '2年保修，上门安装'),

(8,  '{"导航":"LDS激光+视觉AI双导航","吸力":"3000Pa","拖地":"震动擦地(3000次/min)","水箱":"电控水箱300ml","尘盒":"400ml+2.5L集尘座","续航":"180分钟","噪音":"65dB"}',
     '全能清洁旗舰。LDS激光导航+3D结构光避障，精准建图同时智能绕开障碍物。3000Pa澎湃吸力应对地毯/瓷砖/木地板。自动集尘座容量2.5L约60天免手动清理。自动洗拖布功能搭配55°C热风烘干，告别异味。支持Alexa/Google Home语音控制。',
     '中国苏州', '整机保修1年', '机器人×1、集尘充电座×1、拖布支架×1、拖布×2、边刷×2、说明书×1', '1年保修'),

(9,  '{"加热":"IH电磁加热","容量":"4L(约8杯米)","内胆":"日本进口钛金釜","功率":"1200W","预约":"24小时","显示":"OLED触控","模式":"煮饭/煲汤/蒸煮/粥/蛋糕/酸奶/保温"}',
     'IH电磁环绕加热技术让每一粒米均匀受热，口感Q弹有嚼劲。日本进口钛金内胆导热均匀且不粘连，清洗方便。OLED触控显示屏直觉操作，7种预设烹饪模式一键启动。24小时预约功能，早上醒来就有热腾腾的粥。双层蒸笼可同时蒸菜蒸饭。',
     '中国杭州', '整机保修2年', '电饭煲×1、蒸笼×2、量杯×1、饭勺×1、说明书×1', '2年保修'),

(10, '{"面料":"100%新疆长绒棉","支数":"300支","工艺":"双面磨毛","包含":"被套×1+床单×1+枕套×2","规格":"1.5m/1.8m","颜色":"米白/浅灰/藕粉/雾蓝","洗涤":"40℃以下水洗"}',
     '甄选新疆阿克苏地区长绒棉，纤维长度≥35mm，手感细腻柔软如羊绒。300支高密度缎纹织法，丝滑光泽感强。双面磨毛工艺在保持高支数的同时带来亲肤暖感，四季皆宜。所有产品通过OEKO-TEX Standard 100认证，A类婴幼儿安全标准。',
     '中国南通', '质量问题30天包换', '被套×1、床单×1、枕套×2、洗涤说明×1、品牌手提袋×1', '30天包换'),

(11, '{"材质":"头层牛皮","容量":"25L","电脑仓":"15.6英寸","尺寸":"42×30×15cm","重量":"1.1kg","拉链":"YKK金属","颜色":"黑色/复古棕"}',
     '精选头层植鞣牛皮，经过12道工序手工打磨，皮面纹理自然，越用越有光泽。YKK金属拉链耐用顺滑10万次不卡顿。背部隐藏防盗拉链口袋安全放置贵重物品。人体工学S型肩带+背部透气网布，减负不闷热。USB外接充电口，随时给手机补电。',
     '中国广州', '质量问题1年保换', '双肩包×1、防尘袋×1、品牌吊牌×1', '1年保换'),

(12, '{"鞋面":"Flyknit编织","中底":"ZoomX泡棉+全掌碳板","外底":"橡胶华夫格","落差":"4mm","重量":"约195g(42码)","适用":"公路跑/马拉松竞速","码数":"39-44"}',
     '专为竞速而生。全掌碳板提供强力回弹推进力，ZoomX泡棉中底能量回馈率高达85%，助力跑者突破个人最佳。Flyknit鞋面轻量透气，内置热贴合鞋跟稳定片防止跑步中打滑。4mm前后掌落差促进前掌跑姿，提升跑步经济性。',
     '中国莆田', '质量问题30天包换', '跑鞋×1对、备用鞋带×1对、鞋盒×1', '30天包换'),

(13, '{"品种":"有机黑米/红豆/绿豆/燕麦/小米","规格":"各1kg×5袋","产地":"山东济宁","认证":"中国有机产品认证","种植":"无农药无化肥","包装":"真空独立"}',
     '来自山东济宁有机种植基地，通过中国有机产品OFDC认证（证书编号：COFCC-R-0312-xxx）。全程可溯源，从播种到收割严格遵循有机标准，不使用化学农药和化肥。真空包装锁住新鲜，独立分装方便取用。送礼自用两相宜。',
     '山东济宁', '质量问题15天包退', '杂粮袋×5、礼盒×1、产品溯源卡×1、手提袋×1', '15天包退'),

(14, '{"等级":"M5级","部位":"眼肉×3片+西冷×3片","产地":"澳大利亚","谷饲":"250天","净重":"约1.2kg","储存":"≤-18℃冷冻","保质":"冷冻18个月"}',
     '甄选澳大利亚安格斯牛，谷饲250天以上达到M5级大理石花纹。眼肉部位脂肪分布均匀，煎烤后肉汁丰盈口感嫩滑；西冷部位肉质紧实有嚼劲，适合厚切慢煎。全程-18℃冷链运输，从牧场到餐桌品质如一。附赠牛排料理指南。',
     '澳大利亚', '到货48小时内可退', '牛排×6片、调料包×2、料理指南×1、保温箱×1', '48小时售后'),

(15, '{"品种":"红心火龙果/车厘子/山竹/脐橙/芒果/蓝莓/猕猴桃/百香果","净重":"约5kg","配送":"顺丰冷链","储存":"0~5℃冷藏","保鲜":"收货后3~7天"}',
     '每一颗水果都经过人工精挑细选。智利车厘子JJ级大果粒甜度高；泰国山竹5A级果肉白嫩清甜；赣南脐橙11月新鲜采摘甜度≥13°Brix。顺丰冷链配送，全程温控0~5℃，大部分地区次日达。精美礼盒包装，适合节日赠礼。',
     '多产地', '坏果包赔', '混合水果约5kg、礼盒×1、保鲜冰袋×2、赠品水果刀×1', '坏果包赔');

-- ============================================================
-- 9. 订单表 (18条，分布在不同用户和状态)
-- ============================================================
DROP TABLE IF EXISTS `product_order`;
CREATE TABLE `product_order` (
  `id`             INT(11)       NOT NULL AUTO_INCREMENT,
  `order_code`     VARCHAR(30)   DEFAULT NULL COMMENT '订单编号',
  `address_detail` VARCHAR(255)  DEFAULT NULL,
  `post_code`      VARCHAR(10)   DEFAULT NULL,
  `receiver`       VARCHAR(50)   DEFAULT NULL COMMENT '收货人',
  `mobile`         VARCHAR(20)   DEFAULT NULL,
  `pay_date`       DATETIME      DEFAULT NULL,
  `delivery_date`  DATETIME      DEFAULT NULL,
  `confirm_date`   DATETIME      DEFAULT NULL,
  `status`         TINYINT(4)    DEFAULT 0 COMMENT '0待付 1待发 2待收 3完成 4关闭',
  `user_id`        INT(11)       DEFAULT NULL,
  `total_price`    DECIMAL(10,2) DEFAULT NULL,
  `create_time`    DATETIME      DEFAULT CURRENT_TIMESTAMP,
  PRIMARY KEY (`id`),
  UNIQUE KEY `uk_order_code` (`order_code`),
  KEY `idx_order_user` (`user_id`)
) ENGINE=InnoDB DEFAULT CHARSET=utf8mb4 COMMENT='订单表';

INSERT INTO `product_order` (`id`,`order_code`,`address_detail`,`post_code`,`receiver`,`mobile`,`pay_date`,`delivery_date`,`confirm_date`,`status`,`user_id`,`total_price`,`create_time`) VALUES
-- 用户1: 张伟 (3笔订单)
( 1, '20260501100001001', '北京市朝阳区建国路88号院12栋3单元501',          '100020', '张伟', '13801001001', '2026-05-01 10:30:00', '2026-05-02 09:00:00', '2026-05-04 18:00:00', 3, 1, 2999.00, '2026-05-01 10:00:00'),
( 2, '20260510143002001', '北京市朝阳区建国路88号院12栋3单元501',          '100020', '张伟', '13801001001', '2026-05-10 14:35:00', '2026-05-11 08:00:00', NULL,                  2, 1,  499.00, '2026-05-10 14:30:00'),
( 3, '20260615090003001', '北京市朝阳区建国路88号院12栋3单元501',          '100020', '张伟', '13801001001', NULL,                  NULL,                  NULL,                  0, 1, 5499.00, '2026-06-15 09:00:00'),

-- 用户2: 李娜 (2笔订单)
( 4, '20260502110004002', '上海市浦东新区陆家嘴环路1000号',                '200120', '李娜', '13902002002', '2026-05-02 11:20:00', '2026-05-03 10:00:00', '2026-05-05 20:00:00', 3, 2, 2499.00, '2026-05-02 11:00:00'),
( 5, '20260520160005002', '上海市浦东新区陆家嘴环路1000号',                '200120', '李娜', '13902002002', '2026-05-20 16:10:00', NULL,                  NULL,                  1, 2,  998.00, '2026-05-20 16:00:00'),

-- 用户3: 王芳 (2笔订单)
( 6, '20260503090006003', '广州市天河区体育西路天河城广场负一层',            '510620', '王芳', '13603003003', '2026-05-03 09:30:00', '2026-05-04 14:00:00', '2026-05-06 10:00:00', 3, 3,  599.00, '2026-05-03 09:00:00'),
( 7, '20260612100007003', '广州市天河区体育西路天河城广场负一层',            '510620', '王芳', '13603003003', '2026-06-12 10:20:00', NULL,                  NULL,                  1, 3, 1799.00, '2026-06-12 10:00:00'),

-- 用户4: 刘洋 (2笔订单)
( 8, '20260505140008004', '深圳市南山区科技园南路深圳湾科技生态园9栋',       '518000', '刘洋', '13704004004', '2026-05-05 14:20:00', '2026-05-06 09:00:00', NULL,                  2, 4, 4599.00, '2026-05-05 14:00:00'),
( 9, '20260610080009004', '深圳市南山区科技园南路深圳湾科技生态园9栋',       '518000', '刘洋', '13704004004', NULL,                  NULL,                  NULL,                  0, 4,  699.00, '2026-06-10 08:00:00'),

-- 用户5: 陈敏 (1笔)
(10, '20260506100010005', '杭州市西湖区文三路478号华星时代广场',             '310012', '陈敏', '13505005005', '2026-05-06 10:10:00', '2026-05-07 11:00:00', '2026-05-09 15:00:00', 3, 5,  259.00, '2026-05-06 10:00:00'),

-- 用户6: 赵磊 (2笔)
(11, '20260508160011006', '成都市武侯区天府大道北段1700号新世纪环球中心',    '610000', '赵磊', '13606006006', '2026-05-08 16:30:00', '2026-05-09 08:00:00', '2026-05-11 12:00:00', 3, 6,  699.00, '2026-05-08 16:00:00'),
(12, '20260613140012006', '成都市武侯区天府大道北段1700号新世纪环球中心',    '610000', '赵磊', '13606006006', '2026-06-13 14:20:00', NULL,                  NULL,                  1, 6, 2699.00, '2026-06-13 14:00:00'),

-- 用户7: 孙丽 (1笔)
(13, '20260509110013007', '武汉市洪山区光谷大道77号光谷金融港B16栋',         '430070', '孙丽', '13707007007', '2026-05-09 11:10:00', '2026-05-10 09:00:00', '2026-05-12 17:00:00', 3, 7,  399.00, '2026-05-09 11:00:00'),

-- 用户10: 郑雪 (1笔)
(14, '20260511090014010', '西安市雁塔区高新路88号天谷八路环普科技产业园',    '710000', '郑雪', '13010010010', '2026-05-11 09:30:00', '2026-05-12 10:00:00', NULL,                  2, 10,  499.00, '2026-05-11 09:00:00'),

-- 用户13: 马龙 (1笔)
(15, '20260515140015013', '沈阳市和平区三好街100号东软集团',                 '110000', '马龙', '13313013013', '2026-05-15 14:20:00', '2026-05-16 08:00:00', '2026-05-18 20:00:00', 3, 13,  169.00, '2026-05-15 14:00:00'),

-- 用户15: 郭峰 (1笔)
(16, '20260520100016015', '济南市历下区经十路12111号中润世纪广场',            '250000', '郭峰', '13515015015', NULL,                  NULL,                  NULL,                  0, 15, 5499.00, '2026-05-20 10:00:00'),

-- 用户17: 宋博 (1笔)
(17, '20260525090017017', '合肥市蜀山区黄山路468号科大讯飞总部',             '230000', '宋博', '13717017017', '2026-05-25 09:15:00', NULL,                  NULL,                  1, 17,  599.00, '2026-05-25 09:00:00'),

-- 用户19: 冯超 (1笔, 已关闭)
(18, '20260601160018019', '郑州市金水区农业路16号省汇中心',                  '450000', '冯超', '13919019019', NULL,                  NULL,                  NULL,                  4, 19, 2999.00, '2026-06-01 16:00:00');

-- ============================================================
-- 10. 订单项表 (与订单对应)
-- ============================================================
DROP TABLE IF EXISTS `product_order_item`;
CREATE TABLE `product_order_item` (
  `id`           INT(11)       NOT NULL AUTO_INCREMENT,
  `number`       SMALLINT(6)   DEFAULT 1 COMMENT '数量',
  `price`        DECIMAL(10,2) DEFAULT NULL COMMENT '小计',
  `product_id`   INT(11)       DEFAULT NULL,
  `order_id`     INT(11)       DEFAULT NULL COMMENT 'NULL=购物车',
  `user_id`      INT(11)       DEFAULT NULL,
  `user_message` VARCHAR(255)  DEFAULT NULL COMMENT '买家留言',
  PRIMARY KEY (`id`),
  KEY `idx_oi_order` (`order_id`),
  KEY `idx_oi_user` (`user_id`)
) ENGINE=InnoDB DEFAULT CHARSET=utf8mb4 COMMENT='订单项(含购物车)';

INSERT INTO `product_order_item` (`id`,`number`,`price`,`product_id`,`order_id`,`user_id`,`user_message`) VALUES
-- 订单1: 张伟买T3
( 1, 1, 2999.00,  1,  1, 1, '希望包装结实点'),
-- 订单2: 张伟买耳机
( 2, 1,  499.00,  3,  2, 1, '尽快发货谢谢'),
-- 订单3: 张伟买笔记本(未付)
( 3, 1, 5499.00,  5,  3, 1, NULL),
-- 订单4: 李娜买坚果Pro4
( 4, 1, 2499.00,  2,  4, 2, '送个手机壳吗'),
-- 订单5: 李娜买四件套×1+耳机×1
( 5, 1,  599.00, 10,  5, 2, NULL),
( 6, 1,  399.00, 14,  5, 2, '需要冷链配送'),
-- 订单6: 王芳买键盘
( 7, 1,  599.00,  6,  6, 3, '红轴的对吧'),
-- 订单7: 王芳买空气净化器
( 8, 1, 1799.00,  7,  7, 3, '家里有宠物能用吗'),
-- 订单8: 刘洋买显示器
( 9, 1, 4599.00,  4,  8, 4, '送一根HDMI线'),
-- 订单9: 刘洋买跑鞋(未付)
(10, 1,  699.00, 12,  9, 4, '42码'),
-- 订单10: 陈敏买杂粮礼盒
(11, 1,  259.00, 13, 10, 5, '送长辈的'),
-- 订单11: 赵磊买碳板跑鞋
(12, 1,  699.00, 12, 11, 6, '43码黑色'),
-- 订单12: 赵磊买扫地机器人
(13, 1, 2699.00,  8, 12, 6, NULL),
-- 订单13: 孙丽买牛排
(14, 1,  399.00, 14, 13, 7, '冷链配送'),
-- 订单14: 郑雪买双肩包
(15, 1,  499.00, 11, 14, 10, '黑色款'),
-- 订单15: 马龙买水果礼篮
(16, 1,  169.00, 15, 15, 13, '多放点车厘子'),
-- 订单16: 郭峰买笔记本(未付)
(17, 1, 5499.00,  5, 16, 15, NULL),
-- 订单17: 宋博买电饭煲
(18, 1,  599.00,  9, 17, 17, NULL),
-- 订单18: 冯超买手机(已关闭)
(19, 1, 2999.00,  1, 18, 19, NULL),

-- 购物车项（order_id IS NULL）
(20, 2,  998.00,  3, NULL,  8, NULL),
(21, 1, 2699.00,  8, NULL, 12, NULL),
(22, 1,  599.00, 10, NULL, 16, NULL),
(23, 1,  699.00, 12, NULL, 20, NULL);

-- ============================================================
-- 11. 评价表
-- ============================================================
DROP TABLE IF EXISTS `review`;
CREATE TABLE `review` (
  `id`            INT(11)  NOT NULL AUTO_INCREMENT,
  `content`       TEXT     COMMENT '评价内容',
  `create_time`   DATETIME DEFAULT CURRENT_TIMESTAMP,
  `user_id`       INT(11)  DEFAULT NULL,
  `product_id`    INT(11)  DEFAULT NULL,
  `order_item_id` INT(11)  DEFAULT NULL,
  PRIMARY KEY (`id`)
) ENGINE=InnoDB DEFAULT CHARSET=utf8mb4 COMMENT='商品评价';

INSERT INTO `review` (`content`,`user_id`,`product_id`,`order_item_id`,`create_time`) VALUES
('手机非常好用！骁龙8 Gen2性能爆表，拍照效果超出预期，Smartisan OS用起来很顺手。', 1, 1, 1, '2026-05-05 20:30:00'),
('坚果Pro4颜值在线！7.5mm的机身握持感极佳，重量也很轻。拍照方面对得起这个价位。',  2, 2, 4, '2026-05-06 15:00:00'),
('键盘手感超赞！Cherry红轴果然不会让人失望，打字、游戏都很舒服。PBT键帽质感一流。',3, 6, 7, '2026-05-07 10:00:00'),
('杂粮质量很好，颗颗饱满，煮粥特别香。送给老人特别合适，包装也很大气。',            5,13,11, '2026-05-10 08:00:00'),
('跑鞋碳板助力感很明显！穿着跑了个半马PB了3分钟，回弹非常给力。',                  6,12,12, '2026-05-12 19:00:00'),
('牛排品质一流，M5级确实油花分布均匀，煎到5分熟口感最佳，比外面西餐厅好吃。',     7,14,14, '2026-05-13 12:00:00'),
('水果新鲜度不错，尤其是车厘子，个头大甜度高。包装也精美，送礼很有面子。',          13,15,16, '2026-05-19 16:00:00');

-- ============================================================
-- 12. 公告表
-- ============================================================
DROP TABLE IF EXISTS `announcement`;
CREATE TABLE `announcement` (
  `id`          INT(11)      NOT NULL AUTO_INCREMENT,
  `title`       VARCHAR(200) NOT NULL,
  `content`     TEXT,
  `admin_id`    INT(11)      DEFAULT NULL,
  `create_time` DATETIME     DEFAULT CURRENT_TIMESTAMP,
  `is_visible`  TINYINT(4)   DEFAULT 1,
  PRIMARY KEY (`id`)
) ENGINE=InnoDB DEFAULT CHARSET=utf8mb4 COMMENT='公告';

INSERT INTO `announcement` (`title`,`content`,`admin_id`,`create_time`,`is_visible`) VALUES
('618年中大促正式开启！',    '全场商品限时优惠，满300减50，满1000减200！活动时间：6月1日-6月20日。', 1, '2026-06-01 00:00:00', 1),
('新品上架：锤子手机T3',     '锤子科技年度旗舰 Smartisan T3 震撼发布，骁龙8 Gen2+1亿像素，预约享100元优惠。', 1, '2026-01-10 10:00:00', 1),
('端午节快递时效提醒',       '端午假期(6月14-16日)期间订单可能延迟发货，请提前下单。生鲜商品建议节后配送。',   2, '2026-06-10 09:00:00', 1);

-- ============================================================
-- 13. 上传文件记录表
-- ============================================================
DROP TABLE IF EXISTS `upload_file`;
CREATE TABLE `upload_file` (
  `id`            INT(11)                NOT NULL AUTO_INCREMENT,
  `original_name` VARCHAR(255)           DEFAULT NULL,
  `saved_name`    VARCHAR(255)           DEFAULT NULL,
  `file_path`     VARCHAR(255)           DEFAULT NULL,
  `file_size`     INT(11)                DEFAULT NULL,
  `mime_type`     VARCHAR(100)           DEFAULT NULL,
  `upload_time`   DATETIME               DEFAULT CURRENT_TIMESTAMP,
  `user_type`     ENUM('user','admin')   DEFAULT NULL,
  `user_id`       INT(11)                DEFAULT NULL,
  PRIMARY KEY (`id`)
) ENGINE=InnoDB DEFAULT CHARSET=utf8mb4 COMMENT='上传文件记录';

SET FOREIGN_KEY_CHECKS = 1;

-- ============================================================
-- 初始化完成提示
-- ============================================================
SELECT '========================================' AS '';
SELECT '  WRQTestMall 数据库初始化完成!' AS '';
SELECT CONCAT('  管理员: admin / admin123') AS '';
SELECT CONCAT('  用户(20个): 密码统一 123456') AS '';
SELECT CONCAT('  商品: ', (SELECT COUNT(*) FROM product), ' 条') AS '';
SELECT CONCAT('  订单: ', (SELECT COUNT(*) FROM product_order), ' 条') AS '';
SELECT '========================================' AS '';
